{
  "SoftMax_Pred": {
    "accuracy": 0.3392559689061632,
    "n_evaluated": 3602
  },
  "MaxRatio_Pred": {
    "accuracy": 0.3392559689061632,
    "n_evaluated": 3602
  },
  "TAS_Pred": {
    "accuracy": 0.36729594669627985,
    "n_evaluated": 3602
  },
  "restricted": {
    "SoftMax_Pred": {
      "accuracy": 0.3587028457974851,
      "n_evaluated": 3022
    },
    "MaxRatio_Pred": {
      "accuracy": 0.3587028457974851,
      "n_evaluated": 3022
    },
    "TAS_Pred": {
      "accuracy": 0.4377895433487756,
      "n_evaluated": 3022
    }
  },
  "per_label": {
    "SoftMax_Pred": {
      "Adakite": 0.0,
      "Andesite": 0.49868073878627966,
      "Ankaramite": 0.0,
      "Basalt": 0.3474088291746641,
      "Basanite": 0.5172413793103449,
      "Benmoreite": 0.0,
      "Boninite": 0.01818181818181818,
      "Dacite": 0.29955947136563876,
      "Foidite": 0.0,
      "Hawaiite": 0.359375,
      "Kimberlite": 0.875,
      "Komatiite": 0.2692307692307692,
      "Latite": 0.09090909090909091,
      "Mugearite": 0.0,
      "Nephelinite": 0.0,
      "Phonolite": 0.03571428571428571,
      "Picrite": 0.136986301369863,
      "Rhyodacite": 0.0,
      "Rhyolite": 0.2804232804232804,
      "Shoshonite": 0.16666666666666666,
      "Tephrite": 0.0,
      "Trachyandesite": 0.2206896551724138,
      "Trachybasalt": 0.3,
      "Trachyte": 0.21649484536082475
    },
    "MaxRatio_Pred": {
      "Adakite": 0.0,
      "Andesite": 0.49868073878627966,
      "Ankaramite": 0.0,
      "Basalt": 0.3474088291746641,
      "Basanite": 0.5172413793103449,
      "Benmoreite": 0.0,
      "Boninite": 0.01818181818181818,
      "Dacite": 0.29955947136563876,
      "Foidite": 0.0,
      "Hawaiite": 0.359375,
      "Kimberlite": 0.875,
      "Komatiite": 0.2692307692307692,
      "Latite": 0.09090909090909091,
      "Mugearite": 0.0,
      "Nephelinite": 0.0,
      "Phonolite": 0.03571428571428571,
      "Picrite": 0.136986301369863,
      "Rhyodacite": 0.0,
      "Rhyolite": 0.2804232804232804,
      "Shoshonite": 0.16666666666666666,
      "Tephrite": 0.0,
      "Trachyandesite": 0.2206896551724138,
      "Trachybasalt": 0.3,
      "Trachyte": 0.21649484536082475
    },
    "TAS_Pred": {
      "Adakite": 0.0,
      "Andesite": 0.7649484536082474,
      "Ankaramite": 0.0,
      "Basalt": 0.6142857142857143,
      "Basanite": 0.9444444444444444,
      "Benmoreite": 0.0,
      "Boninite": 0.0,
      "Dacite": 0.637883008356546,
      "Foidite": 1.0,
      "Hawaiite": 0.0,
      "Kimberlite": 0.0,
      "Komatiite": 0.0,
      "Latite": 0.0,
      "Mugearite": 0.0,
      "Nephelinite": 0.0,
      "Phonolite": 0.6086956521739131,
      "Picrite": 0.0,
      "Rhyodacite": 0.0,
      "Rhyolite": 0.9054054054054054,
      "Shoshonite": 0.0,
      "Tephrite": 0.0,
      "Trachyandesite": 0.3880597014925373,
      "Trachybasalt": 0.0,
      "Trachyte": 0.8762886597938144
    }
  },
  "runtime_sec": {
    "total": 181.6242003440857,
    "fit": 65.99296832084656,
    "eval": 9.54449200630188,
    "n_train": 83832,
    "n_test": 3602,
    "n_test_citations": 200,
    "use_trace": true,
    "trace_variant": "ilr",
    "cleanup": true,
    "rock_type": "VOL",
    "seed": 7
  }
}