{
  "SoftMax_Pred": {
    "accuracy": 0.5218086594970616,
    "n_evaluated": 25013
  },
  "MaxRatio_Pred": {
    "accuracy": 0.5218086594970616,
    "n_evaluated": 25013
  },
  "TAS_Pred": {
    "accuracy": 0.35845360412585453,
    "n_evaluated": 25013
  },
  "restricted": {
    "SoftMax_Pred": {
      "accuracy": 0.5334632878492528,
      "n_evaluated": 21546
    },
    "MaxRatio_Pred": {
      "accuracy": 0.5334632878492528,
      "n_evaluated": 21546
    },
    "TAS_Pred": {
      "accuracy": 0.4161329249048547,
      "n_evaluated": 21546
    }
  },
  "per_label": {
    "SoftMax_Pred": {
      "Adakite": 0.0,
      "Andesite": 0.5234493192133132,
      "Ankaramite": 0.0,
      "Basalt": 0.4669285486782036,
      "Basanite": 0.27972027972027974,
      "Benmoreite": 0.08163265306122448,
      "Boninite": 0.5403726708074534,
      "Dacite": 0.657739446209714,
      "Foidite": 0.23076923076923078,
      "Hawaiite": 0.8264462809917356,
      "Kimberlite": 0.5969387755102041,
      "Komatiite": 0.7079510703363915,
      "Latite": 0.0,
      "Mugearite": 0.4609375,
      "Nephelinite": 0.1079136690647482,
      "Phonolite": 0.8344827586206897,
      "Picrite": 0.3008595988538682,
      "Rhyodacite": 0.3723150357995227,
      "Rhyolite": 0.6781026252983293,
      "Shoshonite": 0.0,
      "Tephrite": 0.009174311926605505,
      "Trachyandesite": 0.5805168986083499,
      "Trachybasalt": 0.09252669039145907,
      "Trachyte": 0.5660847880299252
    },
    "MaxRatio_Pred": {
      "Adakite": 0.0,
      "Andesite": 0.5234493192133132,
      "Ankaramite": 0.0,
      "Basalt": 0.4669285486782036,
      "Basanite": 0.27972027972027974,
      "Benmoreite": 0.08163265306122448,
      "Boninite": 0.5403726708074534,
      "Dacite": 0.657739446209714,
      "Foidite": 0.23076923076923078,
      "Hawaiite": 0.8264462809917356,
      "Kimberlite": 0.5969387755102041,
      "Komatiite": 0.7079510703363915,
      "Latite": 0.0,
      "Mugearite": 0.4609375,
      "Nephelinite": 0.1079136690647482,
      "Phonolite": 0.8344827586206897,
      "Picrite": 0.3008595988538682,
      "Rhyodacite": 0.3723150357995227,
      "Rhyolite": 0.6781026252983293,
      "Shoshonite": 0.0,
      "Tephrite": 0.009174311926605505,
      "Trachyandesite": 0.5805168986083499,
      "Trachybasalt": 0.09252669039145907,
      "Trachyte": 0.5660847880299252
    },
    "TAS_Pred": {
      "Adakite": 0.0,
      "Andesite": 0.7359223300970874,
      "Ankaramite": 0.0,
      "Basalt": 0.6011160284779681,
      "Basanite": 0.849015317286652,
      "Benmoreite": 0.0,
      "Boninite": 0.0,
      "Dacite": 0.6014781125639568,
      "Foidite": 0.8181818181818182,
      "Hawaiite": 0.0,
      "Kimberlite": 0.0,
      "Komatiite": 0.0,
      "Latite": 0.0,
      "Mugearite": 0.0,
      "Nephelinite": 0.0,
      "Phonolite": 0.5263157894736842,
      "Picrite": 0.0,
      "Rhyodacite": 0.0,
      "Rhyolite": 0.8794102159031069,
      "Shoshonite": 0.0,
      "Tephrite": 0.0,
      "Trachyandesite": 0.4085603112840467,
      "Trachybasalt": 0.0,
      "Trachyte": 0.7588555858310627
    }
  },
  "runtime_sec": {
    "total": 58.90384793281555,
    "fit": 54.89886474609375,
    "eval": 53.9502432346344,
    "n_train": 106277,
    "n_test": 25013,
    "n_test_citations": 1421,
    "use_ilr": true,
    "rock_type": "VOL",
    "seed": 7
  }
}