{
  "tau": 0.9663993194695356,
  "n_flagged_citation_label_pairs": 17,
  "mean_irreducible": 0.15533048130454039,
  "labels_with_high_irreducibility": [],
  "base_accuracy": 0.5631828488971347
}